test_id,object_id,noise_sigma,init_x,init_y,final_reward,num_steps
1,54,0.01,0.02194553888046835,0.33506006598426197,1.0,1
2,17,0.1,-0.0064511835802715245,0.35323997615981795,0.0,1
3,28,0.05,0.0075044938576847575,0.20923933386640603,0.0,1
4,46,0.01,0.27792480528119945,-0.002484323546144307,1.0,1
5,73,0.01,0.3887096699413298,-0.16832415302723236,1.0,1
6,56,0.1,0.29844315288985823,0.3361796461840333,0.0,1
7,28,0.01,0.009164409961276376,0.026632610861791695,0.0,1
8,19,0.05,0.39080420536491134,-0.19984308695563904,0.0,1
9,68,0.01,0.1343885153858152,-0.349185865602463,1.0,1
10,54,0.05,-0.3500200429283147,0.04502084690571584,0.0,1
11,30,0.1,-0.07967018604380227,0.06673945052886776,0.0,1
12,19,0.01,-0.1931149837931245,0.02366761244652088,0.0,1
13,39,0.05,0.007467415910759556,-0.0064165072447409655,0.0,1
14,24,0.1,-0.08001218757358497,0.14476692015383197,0.0,1
15,17,0.1,-0.3898026153021622,0.24694072004339462,0.0,1
16,61,0.01,0.23752748775228738,0.03351427142192415,1.0,1
17,77,0.1,0.00895092209544257,0.11388547466911669,0.0,1
18,5,0.01,-0.13459111738214535,0.35598591889896847,1.0,1
19,78,0.01,-0.3871040752130358,0.039414863985335,1.0,1
20,22,0.1,0.38876609478820834,0.11300947039143783,0.0,1
21,2,0.01,0.07306269724070191,-0.15199121739612728,1.0,1
22,42,0.01,-0.07785923542912565,-0.04408941187703885,1.0,1
23,69,0.05,-0.1847464663632704,0.05543282004032024,0.0,1
24,4,0.1,0.05465236471030038,0.33155065583167964,0.0,1
25,59,0.01,0.2390983590399809,-0.3818605195828309,1.0,1
26,32,0.1,-0.3942164756321729,-0.17477111973358017,0.0,1
27,69,0.01,-0.3921549975283234,0.13231704495468966,1.0,1
28,75,0.01,0.20800171201063022,-0.30993426795623624,1.0,1
29,17,0.05,-0.03272808929209542,-0.2891425055917236,1.0,1
30,13,0.1,-0.2073396618632459,-0.39209824947363353,0.0,1
31,12,0.01,-0.19764634828298908,0.19175309799647167,1.0,1
32,50,0.05,0.36845055915676184,-0.18613050968384626,0.0,1
33,78,0.01,-0.34311485203215786,-0.3724371220386477,1.0,1
34,15,0.01,-0.35532510215800794,-0.18743932041746536,1.0,1
35,16,0.05,0.2732314461588995,0.19007172259864524,0.0,1
36,81,0.1,0.19235966028704876,-0.12219217349472594,0.0,1
37,36,0.1,0.12098522571769676,0.029861231147238043,0.0,1
38,69,0.05,0.18870568507895213,0.014429129599415003,0.0,1
39,27,0.05,-0.04422038324508781,0.2138866336923696,1.0,1
40,54,0.05,0.17101058594844099,0.028003083039818466,0.0,1
41,18,0.05,-0.10108399929282985,-0.30135005428746386,1.0,1
42,4,0.05,0.18265721486048359,-0.19120529861562946,0.0,1
43,47,0.01,0.01320494341237105,0.27145108970674947,1.0,1
44,11,0.1,0.11540601333489986,0.2911408875075713,0.0,1
45,37,0.05,0.2617037031529912,-0.2565086597802873,0.0,1
46,53,0.1,-0.038523663127706165,0.06137137137804166,0.0,1
47,5,0.01,-0.34868908615469296,-0.23903572324849984,1.0,1
48,60,0.05,-0.05204420923461123,0.3952203895656563,0.0,1
49,19,0.01,-0.2018495902909644,-0.2160493523948425,0.0,1
50,32,0.1,-0.3942164756321729,-0.17477111973358017,0.0,1
51,69,0.01,-0.3921549975283234,0.13231704495468966,1.0,1
52,75,0.01,0.20800171201063022,-0.30993426795623624,1.0,1
53,17,0.05,-0.03272808929209542,-0.2891425055917236,1.0,1
54,13,0.1,-0.2073396618632459,-0.39209824947363353,0.0,1
55,12,0.01,-0.19764634828298908,0.19175309799647167,1.0,1
56,50,0.05,0.36845055915676184,-0.18613050968384626,0.0,1
57,78,0.01,-0.34311485203215786,-0.3724371220386477,1.0,1
58,15,0.01,-0.35532510215800794,-0.18743932041746536,1.0,1
59,16,0.05,0.2732314461588995,0.19007172259864524,0.0,1
60,81,0.1,0.19235966028704876,-0.12219217349472594,0.0,1
61,36,0.1,0.12098522571769676,0.029861231147238043,0.0,1
62,69,0.05,0.18870568507895213,0.014429129599415003,0.0,1
63,27,0.05,-0.04422038324508781,0.2138866336923696,1.0,1
64,54,0.05,0.17101058594844099,0.028003083039818466,0.0,1
65,18,0.05,-0.10108399929282985,-0.30135005428746386,1.0,1
66,4,0.05,0.18265721486048359,-0.19120529861562946,0.0,1
67,47,0.01,0.01320494341237105,0.27145108970674947,1.0,1
68,11,0.1,0.11540601333489986,0.2911408875075713,0.0,1
69,37,0.05,0.2617037031529912,-0.2565086597802873,0.0,1
70,53,0.1,-0.038523663127706165,0.06137137137804166,0.0,1
71,5,0.01,-0.34868908615469296,-0.23903572324849984,1.0,1
72,60,0.05,-0.05204420923461123,0.3952203895656563,0.0,1
73,19,0.01,-0.2018495902909644,-0.2160493523948425,0.0,1
74,32,0.1,-0.3942164756321729,-0.17477111973358017,0.0,1
75,69,0.01,-0.3921549975283234,0.13231704495468966,1.0,1
76,75,0.01,0.20800171201063022,-0.30993426795623624,1.0,1
77,17,0.05,-0.03272808929209542,-0.2891425055917236,1.0,1
78,13,0.1,-0.2073396618632459,-0.39209824947363353,0.0,1
79,12,0.01,-0.19764634828298908,0.19175309799647167,1.0,1
80,50,0.05,0.36845055915676184,-0.18613050968384626,0.0,1
81,78,0.01,-0.34311485203215786,-0.3724371220386477,1.0,1
82,15,0.01,-0.35532510215800794,-0.18743932041746536,1.0,1
83,16,0.05,0.2732314461588995,0.19007172259864524,0.0,1
84,81,0.1,0.19235966028704876,-0.12219217349472594,0.0,1
85,36,0.1,0.12098522571769676,0.029861231147238043,0.0,1
86,69,0.05,0.18870568507895213,0.014429129599415003,0.0,1
87,27,0.05,-0.04422038324508781,0.2138866336923696,1.0,1
88,54,0.05,0.17101058594844099,0.028003083039818466,0.0,1
89,18,0.05,-0.10108399929282985,-0.30135005428746386,1.0,1
90,4,0.05,0.18265721486048359,-0.19120529861562946,0.0,1
91,47,0.01,0.01320494341237105,0.27145108970674947,1.0,1
92,11,0.1,0.11540601333489986,0.2911408875075713,0.0,1
93,37,0.05,0.2617037031529912,-0.2565086597802873,0.0,1
94,53,0.1,-0.038523663127706165,0.06137137137804166,0.0,1
95,5,0.01,-0.34868908615469296,-0.23903572324849984,1.0,1
96,60,0.05,-0.05204420923461123,0.3952203895656563,0.0,1
97,19,0.01,-0.2018495902909644,-0.2160493523948425,0.0,1
98,32,0.1,-0.3942164756321729,-0.17477111973358017,0.0,1
99,69,0.01,-0.3921549975283234,0.13231704495468966,1.0,1
100,75,0.01,0.20800171201063022,-0.30993426795623624,1.0,1
101,17,0.05,-0.03272808929209542,-0.2891425055917236,1.0,1
102,13,0.1,-0.2073396618632459,-0.39209824947363353,0.0,1
103,12,0.01,-0.19764634828298908,0.19175309799647167,1.0,1
104,50,0.05,0.36845055915676184,-0.18613050968384626,0.0,1
105,78,0.01,-0.34311485203215786,-0.3724371220386477,1.0,1
106,15,0.01,-0.35532510215800794,-0.18743932041746536,1.0,1
107,16,0.05,0.2732314461588995,0.19007172259864524,0.0,1
108,81,0.1,0.19235966028704876,-0.12219217349472594,0.0,1
109,36,0.1,0.12098522571769676,0.029861231147238043,0.0,1
110,69,0.05,0.18870568507895213,0.014429129599415003,0.0,1
111,27,0.05,-0.04422038324508781,0.2138866336923696,1.0,1
112,54,0.05,0.17101058594844099,0.028003083039818466,0.0,1
113,18,0.05,-0.10108399929282985,-0.30135005428746386,1.0,1
114,4,0.05,0.18265721486048359,-0.19120529861562946,0.0,1
115,47,0.01,0.01320494341237105,0.27145108970674947,1.0,1
116,11,0.1,0.11540601333489986,0.2911408875075713,0.0,1
117,37,0.05,0.2617037031529912,-0.2565086597802873,0.0,1
118,53,0.1,-0.038523663127706165,0.06137137137804166,0.0,1
119,5,0.01,-0.34868908615469296,-0.23903572324849984,1.0,1
120,60,0.05,-0.05204420923461123,0.3952203895656563,0.0,1
121,19,0.01,-0.2018495902909644,-0.2160493523948425,0.0,1
122,32,0.1,-0.3942164756321729,-0.17477111973358017,0.0,1
123,69,0.01,-0.3921549975283234,0.13231704495468966,1.0,1
124,75,0.01,0.20800171201063022,-0.30993426795623624,1.0,1
125,17,0.05,-0.03272808929209542,-0.2891425055917236,1.0,1
126,13,0.1,-0.2073396618632459,-0.39209824947363353,0.0,1
127,12,0.01,-0.19764634828298908,0.19175309799647167,1.0,1
128,50,0.05,0.36845055915676184,-0.18613050968384626,0.0,1
129,78,0.01,-0.34311485203215786,-0.3724371220386477,1.0,1
130,15,0.01,-0.35532510215800794,-0.18743932041746536,1.0,1
131,16,0.05,0.2732314461588995,0.19007172259864524,0.0,1
132,81,0.1,0.19235966028704876,-0.12219217349472594,0.0,1
133,36,0.1,0.12098522571769676,0.029861231147238043,0.0,1
134,69,0.05,0.18870568507895213,0.014429129599415003,0.0,1
135,27,0.05,-0.04422038324508781,0.2138866336923696,1.0,1
136,54,0.05,0.17101058594844099,0.028003083039818466,0.0,1
137,18,0.05,-0.10108399929282985,-0.30135005428746386,1.0,1
138,4,0.05,0.18265721486048359,-0.19120529861562946,0.0,1
139,47,0.01,0.01320494341237105,0.27145108970674947,1.0,1
140,11,0.1,0.11540601333489986,0.2911408875075713,0.0,1
141,37,0.05,0.2617037031529912,-0.2565086597802873,0.0,1
142,53,0.1,-0.038523663127706165,0.06137137137804166,0.0,1
143,5,0.01,-0.34868908615469296,-0.23903572324849984,1.0,1
144,60,0.05,-0.05204420923461123,0.3952203895656563,0.0,1
145,19,0.01,-0.2018495902909644,-0.2160493523948425,0.0,1
146,32,0.1,-0.3942164756321729,-0.17477111973358017,0.0,1
147,69,0.01,-0.3921549975283234,0.13231704495468966,1.0,1
148,75,0.01,0.20800171201063022,-0.30993426795623624,1.0,1
149,17,0.05,-0.03272808929209542,-0.2891425055917236,1.0,1
150,13,0.1,-0.2073396618632459,-0.39209824947363353,0.0,1
151,12,0.01,-0.19764634828298908,0.19175309799647167,1.0,1
152,50,0.05,0.36845055915676184,-0.18613050968384626,0.0,1
153,78,0.01,-0.34311485203215786,-0.3724371220386477,1.0,1
154,15,0.01,-0.35532510215800794,-0.18743932041746536,1.0,1
155,16,0.05,0.2732314461588995,0.19007172259864524,0.0,1
156,81,0.1,0.19235966028704876,-0.12219217349472594,0.0,1
157,36,0.1,0.12098522571769676,0.029861231147238043,0.0,1
158,69,0.05,0.18870568507895213,0.014429129599415003,0.0,1
159,27,0.05,-0.04422038324508781,0.2138866336923696,1.0,1
160,54,0.05,0.17101058594844099,0.028003083039818466,0.0,1
161,18,0.05,-0.10108399929282985,-0.30135005428746386,1.0,1
162,4,0.05,0.18265721486048359,-0.19120529861562946,0.0,1
163,47,0.01,0.01320494341237105,0.27145108970674947,1.0,1
164,11,0.1,0.11540601333489986,0.2911408875075713,0.0,1
165,37,0.05,0.2617037031529912,-0.2565086597802873,0.0,1
166,53,0.1,-0.038523663127706165,0.06137137137804166,0.0,1
167,5,0.01,-0.34868908615469296,-0.23903572324849984,1.0,1
168,60,0.05,-0.05204420923461123,0.3952203895656563,0.0,1
169,19,0.01,-0.2018495902909644,-0.2160493523948425,0.0,1
170,32,0.1,-0.3942164756321729,-0.17477111973358017,0.0,1
171,69,0.01,-0.3921549975283234,0.13231704495468966,1.0,1
172,75,0.01,0.20800171201063022,-0.30993426795623624,1.0,1
173,17,0.05,-0.03272808929209542,-0.2891425055917236,1.0,1
174,13,0.1,-0.2073396618632459,-0.39209824947363353,0.0,1
175,12,0.01,-0.19764634828298908,0.19175309799647167,1.0,1
176,50,0.05,0.36845055915676184,-0.18613050968384626,0.0,1
177,78,0.01,-0.34311485203215786,-0.3724371220386477,1.0,1
178,15,0.01,-0.35532510215800794,-0.18743932041746536,1.0,1
179,16,0.05,0.2732314461588995,0.19007172259864524,0.0,1
180,81,0.1,0.19235966028704876,-0.12219217349472594,0.0,1
181,36,0.1,0.12098522571769676,0.029861231147238043,0.0,1
182,69,0.05,0.18870568507895213,0.014429129599415003,0.0,1
183,27,0.05,-0.04422038324508781,0.2138866336923696,1.0,1
184,54,0.05,0.17101058594844099,0.028003083039818466,0.0,1
185,18,0.05,-0.10108399929282985,-0.30135005428746386,1.0,1
186,4,0.05,0.18265721486048359,-0.19120529861562946,0.0,1
187,47,0.01,0.01320494341237105,0.27145108970674947,1.0,1
188,11,0.1,0.11540601333489986,0.2911408875075713,0.0,1
189,37,0.05,0.2617037031529912,-0.2565086597802873,0.0,1
190,53,0.1,-0.038523663127706165,0.06137137137804166,0.0,1
191,5,0.01,-0.34868908615469296,-0.23903572324849984,1.0,1
192,60,0.05,-0.05204420923461123,0.3952203895656563,0.0,1
193,19,0.01,-0.2018495902909644,-0.2160493523948425,0.0,1
194,32,0.1,-0.3942164756321729,-0.17477111973358017,0.0,1
195,69,0.01,-0.3921549975283234,0.13231704495468966,1.0,1
196,75,0.01,0.20800171201063022,-0.30993426795623624,1.0,1
197,17,0.05,-0.03272808929209542,-0.2891425055917236,1.0,1
198,13,0.1,-0.2073396618632459,-0.39209824947363353,0.0,1
199,12,0.01,-0.19764634828298908,0.19175309799647167,1.0,1
200,50,0.05,0.36845055915676184,-0.18613050968384626,0.0,1
201,78,0.01,-0.34311485203215786,-0.3724371220386477,1.0,1
202,15,0.01,-0.35532510215800794,-0.18743932041746536,1.0,1
203,16,0.05,0.2732314461588995,0.19007172259864524,0.0,1
204,81,0.1,0.19235966028704876,-0.12219217349472594,0.0,1
205,36,0.1,0.12098522571769676,0.029861231147238043,0.0,1
206,69,0.05,0.18870568507895213,0.014429129599415003,0.0,1
207,27,0.05,-0.04422038324508781,0.2138866336923696,1.0,1
208,54,0.05,0.17101058594844099,0.028003083039818466,0.0,1
209,18,0.05,-0.10108399929282985,-0.30135005428746386,1.0,1
210,4,0.05,0.18265721486048359,-0.19120529861562946,0.0,1
211,47,0.01,0.01320494341237105,0.27145108970674947,1.0,1
212,11,0.1,0.11540601333489986,0.2911408875075713,0.0,1
213,37,0.05,0.2617037031529912,-0.2565086597802873,0.0,1
214,53,0.1,-0.038523663127706165,0.06137137137804166,0.0,1
215,5,0.01,-0.34868908615469296,-0.23903572324849984,1.0,1
216,60,0.05,-0.05204420923461123,0.3952203895656563,0.0,1
217,19,0.01,-0.2018495902909644,-0.2160493523948425,0.0,1
218,32,0.1,-0.3942164756321729,-0.17477111973358017,0.0,1
219,69,0.01,-0.3921549975283234,0.13231704495468966,1.0,1
220,75,0.01,0.20800171201063022,-0.30993426795623624,1.0,1
221,17,0.05,-0.03272808929209542,-0.2891425055917236,1.0,1
222,13,0.1,-0.2073396618632459,-0.39209824947363353,0.0,1
223,12,0.01,-0.19764634828298908,0.19175309799647167,1.0,1
224,50,0.05,0.36845055915676184,-0.18613050968384626,0.0,1
225,78,0.01,-0.34311485203215786,-0.3724371220386477,1.0,1
226,15,0.01,-0.35532510215800794,-0.18743932041746536,1.0,1
227,16,0.05,0.2732314461588995,0.19007172259864524,0.0,1
228,81,0.1,0.19235966028704876,-0.12219217349472594,0.0,1
229,36,0.1,0.12098522571769676,0.029861231147238043,0.0,1
230,69,0.05,0.18870568507895213,0.014429129599415003,0.0,1
231,27,0.05,-0.04422038324508781,0.2138866336923696,1.0,1
232,54,0.05,0.17101058594844099,0.028003083039818466,0.0,1
233,18,0.05,-0.10108399929282985,-0.30135005428746386,1.0,1
234,4,0.05,0.18265721486048359,-0.19120529861562946,0.0,1
235,47,0.01,0.01320494341237105,0.27145108970674947,1.0,1
236,11,0.1,0.11540601333489986,0.2911408875075713,0.0,1
237,37,0.05,0.2617037031529912,-0.2565086597802873,0.0,1
238,53,0.1,-0.038523663127706165,0.06137137137804166,0.0,1
239,5,0.01,-0.34868908615469296,-0.23903572324849984,1.0,1
240,60,0.05,-0.05204420923461123,0.3952203895656563,0.0,1
241,19,0.01,-0.2018495902909644,-0.2160493523948425,0.0,1
242,32,0.1,-0.3942164756321729,-0.17477111973358017,0.0,1
243,69,0.01,-0.3921549975283234,0.13231704495468966,1.0,1
244,75,0.01,0.20800171201063022,-0.30993426795623624,1.0,1
245,17,0.05,-0.03272808929209542,-0.2891425055917236,1.0,1
246,13,0.1,-0.2073396618632459,-0.39209824947363353,0.0,1
247,12,0.01,-0.19764634828298908,0.19175309799647167,1.0,1
248,50,0.05,0.36845055915676184,-0.18613050968384626,0.0,1
249,78,0.01,-0.34311485203215786,-0.3724371220386477,1.0,1
250,15,0.01,-0.35532510215800794,-0.18743932041746536,1.0,1
251,16,0.05,0.2732314461588995,0.19007172259864524,0.0,1
252,81,0.1,0.19235966028704876,-0.12219217349472594,0.0,1
253,36,0.1,0.12098522571769676,0.029861231147238043,0.0,1
254,69,0.05,0.18870568507895213,0.014429129599415003,0.0,1
255,27,0.05,-0.04422038324508781,0.2138866336923696,1.0,1
256,54,0.05,0.17101058594844099,0.028003083039818466,0.0,1
257,18,0.05,-0.10108399929282985,-0.30135005428746386,1.0,1
258,4,0.05,0.18265721486048359,-0.19120529861562946,0.0,1
259,47,0.01,0.01320494341237105,0.27145108970674947,1.0,1
260,11,0.1,0.11540601333489986,0.2911408875075713,0.0,1
261,37,0.05,0.2617037031529912,-0.2565086597802873,0.0,1
262,53,0.1,-0.038523663127706165,0.06137137137804166,0.0,1
263,5,0.01,-0.34868908615469296,-0.23903572324849984,1.0,1
264,60,0.05,-0.05204420923461123,0.3952203895656563,0.0,1
265,19,0.01,-0.2018495902909644,-0.2160493523948425,0.0,1
266,32,0.1,-0.3942164756321729,-0.17477111973358017,0.0,1
267,69,0.01,-0.3921549975283234,0.13231704495468966,1.0,1
268,75,0.01,0.20800171201063022,-0.30993426795623624,1.0,1
269,17,0.05,-0.03272808929209542,-0.2891425055917236,1.0,1
270,13,0.1,-0.2073396618632459,-0.39209824947363353,0.0,1
271,12,0.01,-0.19764634828298908,0.19175309799647167,1.0,1
272,50,0.05,0.36845055915676184,-0.18613050968384626,0.0,1
273,78,0.01,-0.34311485203215786,-0.3724371220386477,1.0,1
274,15,0.01,-0.35532510215800794,-0.18743932041746536,1.0,1
275,16,0.05,0.2732314461588995,0.19007172259864524,0.0,1
276,81,0.1,0.19235966028704876,-0.12219217349472594,0.0,1
277,36,0.1,0.12098522571769676,0.029861231147238043,0.0,1
278,69,0.05,0.18870568507895213,0.014429129599415003,0.0,1
279,27,0.05,-0.04422038324508781,0.2138866336923696,1.0,1
280,54,0.05,0.17101058594844099,0.028003083039818466,0.0,1
281,18,0.05,-0.10108399929282985,-0.30135005428746386,1.0,1
282,4,0.05,0.18265721486048359,-0.19120529861562946,0.0,1
283,47,0.01,0.01320494341237105,0.27145108970674947,1.0,1
284,11,0.1,0.11540601333489986,0.2911408875075713,0.0,1
285,37,0.05,0.2617037031529912,-0.2565086597802873,0.0,1
286,53,0.1,-0.038523663127706165,0.06137137137804166,0.0,1
287,5,0.01,-0.34868908615469296,-0.23903572324849984,1.0,1
288,60,0.05,-0.05204420923461123,0.3952203895656563,0.0,1
289,19,0.01,-0.2018495902909644,-0.2160493523948425,0.0,1
290,32,0.1,-0.3942164756321729,-0.17477111973358017,0.0,1
291,69,0.01,-0.3921549975283234,0.13231704495468966,1.0,1
292,75,0.01,0.20800171201063022,-0.30993426795623624,1.0,1
293,17,0.05,-0.03272808929209542,-0.2891425055917236,1.0,1
294,13,0.1,-0.2073396618632459,-0.39209824947363353,0.0,1
295,12,0.01,-0.19764634828298908,0.19175309799647167,1.0,1
296,50,0.05,0.36845055915676184,-0.18613050968384626,0.0,1
297,78,0.01,-0.34311485203215786,-0.3724371220386477,1.0,1
298,15,0.01,-0.35532510215800794,-0.18743932041746536,1.0,1
299,16,0.05,0.2732314461588995,0.19007172259864524,0.0,1
300,81,0.1,0.19235966028704876,-0.12219217349472594,0.0,1
301,36,0.1,0.12098522571769676,0.029861231147238043,0.0,1
302,69,0.05,0.18870568507895213,0.014429129599415003,0.0,1
303,27,0.05,-0.04422038324508781,0.2138866336923696,1.0,1
304,54,0.05,0.17101058594844099,0.028003083039818466,0.0,1
305,18,0.05,-0.10108399929282985,-0.30135005428746386,1.0,1
306,4,0.05,0.18265721486048359,-0.19120529861562946,0.0,1
307,47,0.01,0.01320494341237105,0.27145108970674947,1.0,1
308,11,0.1,0.11540601333489986,0.2911408875075713,0.0,1
309,37,0.05,0.2617037031529912,-0.2565086597802873,0.0,1
310,53,0.1,-0.038523663127706165,0.06137137137804166,0.0,1
311,5,0.01,-0.34868908615469296,-0.23903572324849984,1.0,1
312,60,0.05,-0.05204420923461123,0.3952203895656563,0.0,1
313,19,0.01,-0.2018495902909644,-0.2160493523948425,0.0,1
314,32,0.1,-0.3942164756321729,-0.17477111973358017,0.0,1
315,69,0.01,-0.3921549975283234,0.13231704495468966,1.0,1
316,75,0.01,0.20800171201063022,-0.30993426795623624,1.0,1
317,17,0.05,-0.03272808929209542,-0.2891425055917236,1.0,1
318,13,0.1,-0.2073396618632459,-0.39209824947363353,0.0,1
319,12,0.01,-0.19764634828298908,0.19175309799647167,1.0,1
320,50,0.05,0.36845055915676184,-0.18613050968384626,0.0,1
321,78,0.01,-0.34311485203215786,-0.3724371220386477,1.0,1
322,15,0.01,-0.35532510215800794,-0.18743932041746536,1.0,1
323,16,0.05,0.2732314461588995,0.19007172259864524,0.0,1
324,81,0.1,0.19235966028704876,-0.12219217349472594,0.0,1
325,36,0.1,0.12098522571769676,0.029861231147238043,0.0,1
326,69,0.05,0.18870568507895213,0.014429129599415003,0.0,1
327,27,0.05,-0.04422038324508781,0.2138866336923696,1.0,1
328,54,0.05,0.17101058594844099,0.028003083039818466,0.0,1
329,18,0.05,-0.10108399929282985,-0.30135005428746386,1.0,1
330,4,0.05,0.18265721486048359,-0.19120529861562946,0.0,1
331,47,0.01,0.01320494341237105,0.27145108970674947,1.0,1
332,11,0.1,0.11540601333489986,0.2911408875075713,0.0,1
333,37,0.05,0.2617037031529912,-0.2565086597802873,0.0,1
334,53,0.1,-0.038523663127706165,0.06137137137804166,0.0,1
335,5,0.01,-0.34868908615469296,-0.23903572324849984,1.0,1
336,60,0.05,-0.05204420923461123,0.3952203895656563,0.0,1
337,19,0.01,-0.2018495902909644,-0.2160493523948425,0.0,1
338,32,0.1,-0.3942164756321729,-0.17477111973358017,0.0,1
339,69,0.01,-0.3921549975283234,0.13231704495468966,1.0,1
340,75,0.01,0.20800171201063022,-0.30993426795623624,1.0,1
341,17,0.05,-0.03272808929209542,-0.2891425055917236,1.0,1
342,13,0.1,-0.2073396618632459,-0.39209824947363353,0.0,1
343,12,0.01,-0.19764634828298908,0.19175309799647167,1.0,1
344,50,0.05,0.36845055915676184,-0.18613050968384626,0.0,1
345,78,0.01,-0.34311485203215786,-0.3724371220386477,1.0,1
346,15,0.01,-0.35532510215800794,-0.18743932041746536,1.0,1
347,16,0.05,0.2732314461588995,0.19007172259864524,0.0,1
348,81,0.1,0.19235966028704876,-0.12219217349472594,0.0,1
349,36,0.1,0.12098522571769676,0.029861231147238043,0.0,1
350,69,0.05,0.18870568507895213,0.014429129599415003,0.0,1
351,27,0.05,-0.04422038324508781,0.2138866336923696,1.0,1
352,54,0.05,0.17101058594844099,0.028003083039818466,0.0,1
353,18,0.05,-0.10108399929282985,-0.30135005428746386,1.0,1
354,4,0.05,0.18265721486048359,-0.19120529861562946,0.0,1
355,47,0.01,0.01320494341237105,0.27145108970674947,1.0,1
356,11,0.1,0.11540601333489986,0.2911408875075713,0.0,1
357,37,0.05,0.2617037031529912,-0.2565086597802873,0.0,1
358,53,0.1,-0.038523663127706165,0.06137137137804166,0.0,1
359,5,0.01,-0.34868908615469296,-0.23903572324849984,1.0,1
360,60,0.05,-0.05204420923461123,0.3952203895656563,0.0,1
361,19,0.01,-0.2018495902909644,-0.2160493523948425,0.0,1
362,32,0.1,-0.3942164756321729,-0.17477111973358017,0.0,1
363,69,0.01,-0.3921549975283234,0.13231704495468966,1.0,1
364,75,0.01,0.20800171201063022,-0.30993426795623624,1.0,1
365,17,0.05,-0.03272808929209542,-0.2891425055917236,1.0,1
366,13,0.1,-0.2073396618632459,-0.39209824947363353,0.0,1
367,12,0.01,-0.19764634828298908,0.19175309799647167,1.0,1
368,50,0.05,0.36845055915676184,-0.18613050968384626,0.0,1
369,78,0.01,-0.34311485203215786,-0.3724371220386477,1.0,1
370,15,0.01,-0.35532510215800794,-0.18743932041746536,1.0,1
371,16,0.05,0.2732314461588995,0.19007172259864524,0.0,1
372,81,0.1,0.19235966028704876,-0.12219217349472594,0.0,1
373,36,0.1,0.12098522571769676,0.029861231147238043,0.0,1
374,69,0.05,0.18870568507895213,0.014429129599415003,0.0,1
375,27,0.05,-0.04422038324508781,0.2138866336923696,1.0,1
376,54,0.05,0.17101058594844099,0.028003083039818466,0.0,1
377,18,0.05,-0.10108399929282985,-0.30135005428746386,1.0,1
378,4,0.05,0.18265721486048359,-0.19120529861562946,0.0,1
379,47,0.01,0.01320494341237105,0.27145108970674947,1.0,1
380,11,0.1,0.11540601333489986,0.2911408875075713,0.0,1
381,37,0.05,0.2617037031529912,-0.2565086597802873,0.0,1
382,53,0.1,-0.038523663127706165,0.06137137137804166,0.0,1
383,5,0.01,-0.34868908615469296,-0.23903572324849984,1.0,1
384,60,0.05,-0.05204420923461123,0.3952203895656563,0.0,1
385,19,0.01,-0.2018495902909644,-0.2160493523948425,0.0,1
386,32,0.1,-0.3942164756321729,-0.17477111973358017,0.0,1
387,69,0.01,-0.3921549975283234,0.13231704495468966,1.0,1
388,75,0.01,0.20800171201063022,-0.30993426795623624,1.0,1
389,17,0.05,-0.03272808929209542,-0.2891425055917236,1.0,1
390,13,0.1,-0.2073396618632459,-0.39209824947363353,0.0,1
391,12,0.01,-0.19764634828298908,0.19175309799647167,1.0,1
392,50,0.05,0.36845055915676184,-0.18613050968384626,0.0,1
393,78,0.01,-0.34311485203215786,-0.3724371220386477,1.0,1
394,15,0.01,-0.35532510215800794,-0.18743932041746536,1.0,1
395,16,0.05,0.2732314461588995,0.19007172259864524,0.0,1
396,81,0.1,0.19235966028704876,-0.12219217349472594,0.0,1
397,36,0.1,0.12098522571769676,0.029861231147238043,0.0,1
398,69,0.05,0.18870568507895213,0.014429129599415003,0.0,1
399,27,0.05,-0.04422038324508781,0.2138866336923696,1.0,1
400,54,0.05,0.17101058594844099,0.028003083039818466,0.0,1
401,18,0.05,-0.10108399929282985,-0.30135005428746386,1.0,1
402,4,0.05,0.18265721486048359,-0.19120529861562946,0.0,1
403,47,0.01,0.01320494341237105,0.27145108970674947,1.0,1
404,11,0.1,0.11540601333489986,0.2911408875075713,0.0,1
405,37,0.05,0.2617037031529912,-0.2565086597802873,0.0,1
406,53,0.1,-0.038523663127706165,0.06137137137804166,0.0,1
407,5,0.01,-0.34868908615469296,-0.23903572324849984,1.0,1
408,60,0.05,-0.05204420923461123,0.3952203895656563,0.0,1
409,19,0.01,-0.2018495902909644,-0.2160493523948425,0.0,1
410,32,0.1,-0.3942164756321729,-0.17477111973358017,0.0,1
411,69,0.01,-0.3921549975283234,0.13231704495468966,1.0,1
412,75,0.01,0.20800171201063022,-0.30993426795623624,1.0,1
413,17,0.05,-0.03272808929209542,-0.2891425055917236,1.0,1
414,13,0.1,-0.2073396618632459,-0.39209824947363353,0.0,1
415,12,0.01,-0.19764634828298908,0.19175309799647167,1.0,1
416,50,0.05,0.36845055915676184,-0.18613050968384626,0.0,1
417,78,0.01,-0.34311485203215786,-0.3724371220386477,1.0,1
418,15,0.01,-0.35532510215800794,-0.18743932041746536,1.0,1
419,16,0.05,0.2732314461588995,0.19007172259864524,0.0,1
420,81,0.1,0.19235966028704876,-0.12219217349472594,0.0,1
421,36,0.1,0.12098522571769676,0.029861231147238043,0.0,1
422,69,0.05,0.18870568507895213,0.014429129599415003,0.0,1
423,27,0.05,-0.04422038324508781,0.2138866336923696,1.0,1
424,54,0.05,0.17101058594844099,0.028003083039818466,0.0,1
425,18,0.05,-0.10108399929282985,-0.30135005428746386,1.0,1
426,4,0.05,0.18265721486048359,-0.19120529861562946,0.0,1
427,47,0.01,0.01320494341237105,0.27145108970674947,1.0,1
428,11,0.1,0.11540601333489986,0.2911408875075713,0.0,1
429,37,0.05,0.2617037031529912,-0.2565086597802873,0.0,1
430,53,0.1,-0.038523663127706165,0.06137137137804166,0.0,1
431,5,0.01,-0.34868908615469296,-0.23903572324849984,1.0,1
432,60,0.05,-0.05204420923461123,0.3952203895656563,0.0,1
433,19,0.01,-0.2018495902909644,-0.2160493523948425,0.0,1
434,32,0.1,-0.3942164756321729,-0.17477111973358017,0.0,1
435,69,0.01,-0.3921549975283234,0.13231704495468966,1.0,1
436,75,0.01,0.20800171201063022,-0.30993426795623624,1.0,1
437,17,0.05,-0.03272808929209542,-0.2891425055917236,1.0,1
438,13,0.1,-0.2073396618632459,-0.39209824947363353,0.0,1
439,12,0.01,-0.19764634828298908,0.19175309799647167,1.0,1
440,50,0.05,0.36845055915676184,-0.18613050968384626,0.0,1
441,78,0.01,-0.34311485203215786,-0.3724371220386477,1.0,1
442,15,0.01,-0.35532510215800794,-0.18743932041746536,1.0,1
443,16,0.05,0.2732314461588995,0.19007172259864524,0.0,1
444,81,0.1,0.19235966028704876,-0.12219217349472594,0.0,1
445,36,0.1,0.12098522571769676,0.029861231147238043,0.0,1
446,69,0.05,0.18870568507895213,0.014429129599415003,0.0,1
447,27,0.05,-0.04422038324508781,0.2138866336923696,1.0,1
448,54,0.05,0.17101058594844099,0.028003083039818466,0.0,1
449,18,0.05,-0.10108399929282985,-0.30135005428746386,1.0,1
450,4,0.05,0.18265721486048359,-0.19120529861562946,0.0,1
451,47,0.01,0.01320494341237105,0.27145108970674947,1.0,1
452,11,0.1,0.11540601333489986,0.2911408875075713,0.0,1
453,37,0.05,0.2617037031529912,-0.2565086597802873,0.0,1
454,53,0.1,-0.038523663127706165,0.06137137137804166,0.0,1
455,5,0.01,-0.34868908615469296,-0.23903572324849984,1.0,1
456,60,0.05,-0.05204420923461123,0.3952203895656563,0.0,1
457,19,0.01,-0.2018495902909644,-0.2160493523948425,0.0,1
458,32,0.1,-0.3942164756321729,-0.17477111973358017,0.0,1
459,69,0.01,-0.3921549975283234,0.13231704495468966,1.0,1
460,75,0.01,0.20800171201063022,-0.30993426795623624,1.0,1
461,17,0.05,-0.03272808929209542,-0.2891425055917236,1.0,1
462,13,0.1,-0.2073396618632459,-0.39209824947363353,0.0,1
463,12,0.01,-0.19764634828298908,0.19175309799647167,1.0,1
464,50,0.05,0.36845055915676184,-0.18613050968384626,0.0,1
465,78,0.01,-0.34311485203215786,-0.3724371220386477,1.0,1
466,15,0.01,-0.35532510215800794,-0.18743932041746536,1.0,1
467,16,0.05,0.2732314461588995,0.19007172259864524,0.0,1
468,81,0.1,0.19235966028704876,-0.12219217349472594,0.0,1
469,36,0.1,0.12098522571769676,0.029861231147238043,0.0,1
470,69,0.05,0.18870568507895213,0.014429129599415003,0.0,1
471,27,0.05,-0.04422038324508781,0.2138866336923696,1.0,1
472,54,0.05,0.17101058594844099,0.028003083039818466,0.0,1
473,18,0.05,-0.10108399929282985,-0.30135005428746386,1.0,1
474,4,0.05,0.18265721486048359,-0.19120529861562946,0.0,1
475,47,0.01,0.01320494341237105,0.27145108970674947,1.0,1
476,11,0.1,0.11540601333489986,0.2911408875075713,0.0,1
477,37,0.05,0.2617037031529912,-0.2565086597802873,0.0,1
478,53,0.1,-0.038523663127706165,0.06137137137804166,0.0,1
479,5,0.01,-0.34868908615469296,-0.23903572324849984,1.0,1
480,60,0.05,-0.05204420923461123,0.3952203895656563,0.0,1
481,19,0.01,-0.2018495902909644,-0.2160493523948425,0.0,1
482,32,0.1,-0.3942164756321729,-0.17477111973358017,0.0,1
483,69,0.01,-0.3921549975283234,0.13231704495468966,1.0,1
484,75,0.01,0.20800171201063022,-0.30993426795623624,1.0,1
485,17,0.05,-0.03272808929209542,-0.2891425055917236,1.0,1
486,13,0.1,-0.2073396618632459,-0.39209824947363353,0.0,1
487,12,0.01,-0.19764634828298908,0.19175309799647167,1.0,1
488,50,0.05,0.36845055915676184,-0.18613050968384626,0.0,1
489,78,0.01,-0.34311485203215786,-0.3724371220386477,1.0,1
490,15,0.01,-0.35532510215800794,-0.18743932041746536,1.0,1
491,16,0.05,0.2732314461588995,0.19007172259864524,0.0,1
492,81,0.1,0.19235966028704876,-0.12219217349472594,0.0,1
493,36,0.1,0.12098522571769676,0.029861231147238043,0.0,1
494,69,0.05,0.18870568507895213,0.014429129599415003,0.0,1
495,27,0.05,-0.04422038324508781,0.2138866336923696,1.0,1
496,54,0.05,0.17101058594844099,0.028003083039818466,0.0,1
497,18,0.05,-0.10108399929282985,-0.30135005428746386,1.0,1
498,4,0.05,0.18265721486048359,-0.19120529861562946,0.0,1
499,47,0.01,0.01320494341237105,0.27145108970674947,1.0,1
500,11,0.1,0.11540601333489986,0.2911408875075713,0.0,1
501,37,0.05,0.2617037031529912,-0.2565086597802873,0.0,1
502,53,0.1,-0.038523663127706165,0.06137137137804166,0.0,1
503,5,0.01,-0.34868908615469296,-0.23903572324849984,1.0,1
504,60,0.05,-0.05204420923461123,0.3952203895656563,0.0,1
505,19,0.01,-0.2018495902909644,-0.2160493523948425,0.0,1
506,32,0.1,-0.3942164756321729,-0.17477111973358017,0.0,1
507,69,0.01,-0.3921549975283234,0.13231704495468966,1.0,1
508,75,0.01,0.20800171201063022,-0.30993426795623624,1.0,1
509,17,0.05,-0.03272808929209542,-0.2891425055917236,1.0,1
510,13,0.1,-0.2073396618632459,-0.39209824947363353,0.0,1
511,12,0.01,-0.19764634828298908,0.19175309799647167,1.0,1
512,50,0.05,0.36845055915676184,-0.18613050968384626,0.0,1
513,78,0.01,-0.34311485203215786,-0.3724371220386477,1.0,1
514,15,0.01,-0.35532510215800794,-0.18743932041746536,1.0,1
515,16,0.05,0.2732314461588995,0.19007172259864524,0.0,1
516,81,0.1,0.19235966028704876,-0.12219217349472594,0.0,1
517,36,0.1,0.12098522571769676,0.029861231147238043,0.0,1
518,69,0.05,0.18870568507895213,0.014429129599415003,0.0,1
519,27,0.05,-0.04422038324508781,0.2138866336923696,1.0,1
520,54,0.05,0.17101058594844099,0.028003083039818466,0.0,1
521,18,0.05,-0.10108399929282985,-0.30135005428746386,1.0,1
522,4,0.05,0.18265721486048359,-0.19120529861562946,0.0,1
523,47,0.01,0.01320494341237105,0.27145108970674947,1.0,1
524,11,0.1,0.11540601333489986,0.2911408875075713,0.0,1
525,37,0.05,0.2617037031529912,-0.2565086597802873,0.0,1
526,53,0.1,-0.038523663127706165,0.06137137137804166,0.0,1
527,5,0.01,-0.34868908615469296,-0.23903572324849984,1.0,1
528,60,0.05,-0.05204420923461123,0.3952203895656563,0.0,1
529,19,0.01,-0.2018495902909644,-0.2160493523948425,0.0,1
530,32,0.1,-0.3942164756321729,-0.17477111973358017,0.0,1
531,69,0.01,-0.3921549975283234,0.13231704495468966,1.0,1
532,75,0.01,0.20800171201063022,-0.30993426795623624,1.0,1
533,17,0.05,-0.03272808929209542,-0.2891425055917236,1.0,1
534,13,0.1,-0.2073396618632459,-0.39209824947363353,0.0,1
535,12,0.01,-0.19764634828298908,0.19175309799647167,1.0,1
536,50,0.05,0.36845055915676184,-0.18613050968384626,0.0,1
537,78,0.01,-0.34311485203215786,-0.3724371220386477,1.0,1
538,15,0.01,-0.35532510215800794,-0.18743932041746536,1.0,1
539,16,0.05,0.2732314461588995,0.19007172259864524,0.0,1
540,81,0.1,0.19235966028704876,-0.12219217349472594,0.0,1
541,36,0.1,0.12098522571769676,0.029861231147238043,0.0,1
542,69,0.05,0.18870568507895213,0.014429129599415003,0.0,1
543,27,0.05,-0.04422038324508781,0.2138866336923696,1.0,1
544,54,0.05,0.17101058594844099,0.028003083039818466,0.0,1
545,18,0.05,-0.10108399929282985,-0.30135005428746386,1.0,1
546,4,0.05,0.18265721486048359,-0.19120529861562946,0.0,1
547,47,0.01,0.01320494341237105,0.27145108970674947,1.0,1
548,11,0.1,0.11540601333489986,0.2911408875075713,0.0,1
549,37,0.05,0.2617037031529912,-0.2565086597802873,0.0,1
550,53,0.1,-0.038523663127706165,0.06137137137804166,0.0,1
551,5,0.01,-0.34868908615469296,-0.23903572324849984,1.0,1
552,60,0.05,-0.05204420923461123,0.3952203895656563,0.0,1
553,19,0.01,-0.2018495902909644,-0.2160493523948425,0.0,1
554,32,0.1,-0.3942164756321729,-0.17477111973358017,0.0,1
555,69,0.01,-0.3921549975283234,0.13231704495468966,1.0,1
556,75,0.01,0.20800171201063022,-0.30993426795623624,1.0,1
557,17,0.05,-0.03272808929209542,-0.2891425055917236,1.0,1
558,13,0.1,-0.2073396618632459,-0.39209824947363353,0.0,1
559,12,0.01,-0.19764634828298908,0.19175309799647167,1.0,1
560,50,0.05,0.36845055915676184,-0.18613050968384626,0.0,1
561,78,0.01,-0.34311485203215786,-0.3724371220386477,1.0,1
562,15,0.01,-0.35532510215800794,-0.18743932041746536,1.0,1
563,16,0.05,0.2732314461588995,0.19007172259864524,0.0,1
564,81,0.1,0.19235966028704876,-0.12219217349472594,0.0,1
565,36,0.1,0.12098522571769676,0.029861231147238043,0.0,1
566,69,0.05,0.18870568507895213,0.014429129599415003,0.0,1
567,27,0.05,-0.04422038324508781,0.2138866336923696,1.0,1
568,54,0.05,0.17101058594844099,0.028003083039818466,0.0,1
569,18,0.05,-0.10108399929282985,-0.30135005428746386,1.0,1
570,4,0.05,0.18265721486048359,-0.19120529861562946,0.0,1
571,47,0.01,0.01320494341237105,0.27145108970674947,1.0,1
572,11,0.1,0.11540601333489986,0.2911408875075713,0.0,1
573,37,0.05,0.2617037031529912,-0.2565086597802873,0.0,1
574,53,0.1,-0.038523663127706165,0.06137137137804166,0.0,1
575,5,0.01,-0.34868908615469296,-0.23903572324849984,1.0,1
576,60,0.05,-0.05204420923461123,0.3952203895656563,0.0,1
577,19,0.01,-0.2018495902909644,-0.2160493523948425,0.0,1
578,32,0.1,-0.3942164756321729,-0.17477111973358017,0.0,1
579,69,0.01,-0.3921549975283234,0.13231704495468966,1.0,1
580,75,0.01,0.20800171201063022,-0.30993426795623624,1.0,1
581,17,0.05,-0.03272808929209542,-0.2891425055917236,1.0,1
582,13,0.1,-0.2073396618632459,-0.39209824947363353,0.0,1
583,12,0.01,-0.19764634828298908,0.19175309799647167,1.0,1
584,50,0.05,0.36845055915676184,-0.18613050968384626,0.0,1
585,78,0.01,-0.34311485203215786,-0.3724371220386477,1.0,1
586,15,0.01,-0.35532510215800794,-0.18743932041746536,1.0,1
587,16,0.05,0.2732314461588995,0.19007172259864524,0.0,1
588,81,0.1,0.19235966028704876,-0.12219217349472594,0.0,1
589,36,0.1,0.12098522571769676,0.029861231147238043,0.0,1
590,69,0.05,0.18870568507895213,0.014429129599415003,0.0,1
591,27,0.05,-0.04422038324508781,0.2138866336923696,1.0,1
592,54,0.05,0.17101058594844099,0.028003083039818466,0.0,1
593,18,0.05,-0.10108399929282985,-0.30135005428746386,1.0,1
594,4,0.05,0.18265721486048359,-0.19120529861562946,0.0,1
595,47,0.01,0.01320494341237105,0.27145108970674947,1.0,1
596,11,0.1,0.11540601333489986,0.2911408875075713,0.0,1
597,37,0.05,0.2617037031529912,-0.2565086597802873,0.0,1
598,53,0.1,-0.038523663127706165,0.06137137137804166,0.0,1
599,5,0.01,-0.34868908615469296,-0.23903572324849984,1.0,1
600,60,0.05,-0.05204420923461123,0.3952203895656563,0.0,1
601,19,0.01,-0.2018495902909644,-0.2160493523948425,0.0,1
602,32,0.1,-0.3942164756321729,-0.17477111973358017,0.0,1
603,69,0.01,-0.3921549975283234,0.13231704495468966,1.0,1
604,75,0.01,0.20800171201063022,-0.30993426795623624,1.0,1
605,17,0.05,-0.03272808929209542,-0.2891425055917236,1.0,1
606,13,0.1,-0.2073396618632459,-0.39209824947363353,0.0,1
607,12,0.01,-0.19764634828298908,0.19175309799647167,1.0,1
608,50,0.05,0.36845055915676184,-0.18613050968384626,0.0,1
609,78,0.01,-0.34311485203215786,-0.3724371220386477,1.0,1
610,15,0.01,-0.35532510215800794,-0.18743932041746536,1.0,1
611,16,0.05,0.2732314461588995,0.19007172259864524,0.0,1
612,81,0.1,0.19235966028704876,-0.12219217349472594,0.0,1
613,36,0.1,0.12098522571769676,0.029861231147238043,0.0,1
614,69,0.05,0.18870568507895213,0.014429129599415003,0.0,1
615,27,0.05,-0.04422038324508781,0.2138866336923696,1.0,1
616,54,0.05,0.17101058594844099,0.028003083039818466,0.0,1
617,18,0.05,-0.10108399929282985,-0.30135005428746386,1.0,1
618,4,0.05,0.18265721486048359,-0.19120529861562946,0.0,1
619,47,0.01,0.01320494341237105,0.27145108970674947,1.0,1
620,11,0.1,0.11540601333489986,0.2911408875075713,0.0,1
621,37,0.05,0.2617037031529912,-0.2565086597802873,0.0,1
622,53,0.1,-0.038523663127706165,0.06137137137804166,0.0,1
623,5,0.01,-0.34868908615469296,-0.23903572324849984,1.0,1
624,60,0.05,-0.05204420923461123,0.3952203895656563,0.0,1
625,19,0.01,-0.2018495902909644,-0.2160493523948425,0.0,1
626,32,0.1,-0.3942164756321729,-0.17477111973358017,0.0,1
627,69,0.01,-0.3921549975283234,0.13231704495468966,1.0,1
628,75,0.01,0.20800171201063022,-0.30993426795623624,1.0,1
629,17,0.05,-0.03272808929209542,-0.2891425055917236,1.0,1
630,13,0.1,-0.2073396618632459,-0.39209824947363353,0.0,1
631,12,0.01,-0.19764634828298908,0.19175309799647167,1.0,1
632,50,0.05,0.36845055915676184,-0.18613050968384626,0.0,1
633,78,0.01,-0.34311485203215786,-0.3724371220386477,1.0,1
634,15,0.01,-0.35532510215800794,-0.18743932041746536,1.0,1
635,16,0.05,0.2732314461588995,0.19007172259864524,0.0,1
636,81,0.1,0.19235966028704876,-0.12219217349472594,0.0,1
637,36,0.1,0.12098522571769676,0.029861231147238043,0.0,1
638,69,0.05,0.18870568507895213,0.014429129599415003,0.0,1
639,27,0.05,-0.04422038324508781,0.2138866336923696,1.0,1
640,54,0.05,0.17101058594844099,0.028003083039818466,0.0,1
641,18,0.05,-0.10108399929282985,-0.30135005428746386,1.0,1
642,4,0.05,0.18265721486048359,-0.19120529861562946,0.0,1
643,47,0.01,0.01320494341237105,0.27145108970674947,1.0,1
644,11,0.1,0.11540601333489986,0.2911408875075713,0.0,1
645,37,0.05,0.2617037031529912,-0.2565086597802873,0.0,1
646,53,0.1,-0.038523663127706165,0.06137137137804166,0.0,1
647,5,0.01,-0.34868908615469296,-0.23903572324849984,1.0,1
648,60,0.05,-0.05204420923461123,0.3952203895656563,0.0,1
649,19,0.01,-0.2018495902909644,-0.2160493523948425,0.0,1
650,32,0.1,-0.3942164756321729,-0.17477111973358017,0.0,1
651,69,0.01,-0.3921549975283234,0.13231704495468966,1.0,1
652,75,0.01,0.20800171201063022,-0.30993426795623624,1.0,1
653,17,0.05,-0.03272808929209542,-0.2891425055917236,1.0,1
654,13,0.1,-0.2073396618632459,-0.39209824947363353,0.0,1
655,12,0.01,-0.19764634828298908,0.19175309799647167,1.0,1
656,50,0.05,0.36845055915676184,-0.18613050968384626,0.0,1
657,78,0.01,-0.34311485203215786,-0.3724371220386477,1.0,1
658,15,0.01,-0.35532510215800794,-0.18743932041746536,1.0,1
659,16,0.05,0.2732314461588995,0.19007172259864524,0.0,1
660,81,0.1,0.19235966028704876,-0.12219217349472594,0.0,1
661,36,0.1,0.12098522571769676,0.029861231147238043,0.0,1
662,69,0.05,0.18870568507895213,0.014429129599415003,0.0,1
663,27,0.05,-0.04422038324508781,0.2138866336923696,1.0,1
664,54,0.05,0.17101058594844099,0.028003083039818466,0.0,1
665,18,0.05,-0.10108399929282985,-0.30135005428746386,1.0,1
666,4,0.05,0.18265721486048359,-0.19120529861562946,0.0,1
667,47,0.01,0.01320494341237105,0.27145108970674947,1.0,1
668,11,0.1,0.11540601333489986,0.2911408875075713,0.0,1
669,37,0.05,0.2617037031529912,-0.2565086597802873,0.0,1
670,53,0.1,-0.038523663127706165,0.06137137137804166,0.0,1
671,5,0.01,-0.34868908615469296,-0.23903572324849984,1.0,1
672,60,0.05,-0.05204420923461123,0.3952203895656563,0.0,1
673,19,0.01,-0.2018495902909644,-0.2160493523948425,0.0,1
674,32,0.1,-0.3942164756321729,-0.17477111973358017,0.0,1
675,69,0.01,-0.3921549975283234,0.13231704495468966,1.0,1
676,75,0.01,0.20800171201063022,-0.30993426795623624,1.0,1
677,17,0.05,-0.03272808929209542,-0.2891425055917236,1.0,1
678,13,0.1,-0.2073396618632459,-0.39209824947363353,0.0,1
679,12,0.01,-0.19764634828298908,0.19175309799647167,1.0,1
680,50,0.05,0.36845055915676184,-0.18613050968384626,0.0,1
681,78,0.01,-0.34311485203215786,-0.3724371220386477,1.0,1
682,15,0.01,-0.35532510215800794,-0.18743932041746536,1.0,1
683,16,0.05,0.2732314461588995,0.19007172259864524,0.0,1
684,81,0.1,0.19235966028704876,-0.12219217349472594,0.0,1
685,36,0.1,0.12098522571769676,0.029861231147238043,0.0,1
686,69,0.05,0.18870568507895213,0.014429129599415003,0.0,1
687,27,0.05,-0.04422038324508781,0.2138866336923696,1.0,1
688,54,0.05,0.17101058594844099,0.028003083039818466,0.0,1
689,18,0.05,-0.10108399929282985,-0.30135005428746386,1.0,1
690,4,0.05,0.18265721486048359,-0.19120529861562946,0.0,1
691,47,0.01,0.01320494341237105,0.27145108970674947,1.0,1
692,11,0.1,0.11540601333489986,0.2911408875075713,0.0,1
693,37,0.05,0.2617037031529912,-0.2565086597802873,0.0,1
694,53,0.1,-0.038523663127706165,0.06137137137804166,0.0,1
695,5,0.01,-0.34868908615469296,-0.23903572324849984,1.0,1
696,60,0.05,-0.05204420923461123,0.3952203895656563,0.0,1
697,19,0.01,-0.2018495902909644,-0.2160493523948425,0.0,1
698,32,0.1,-0.3942164756321729,-0.17477111973358017,0.0,1
699,69,0.01,-0.3921549975283234,0.13231704495468966,1.0,1
700,75,0.01,0.20800171201063022,-0.30993426795623624,1.0,1
701,17,0.05,-0.03272808929209542,-0.2891425055917236,1.0,1
702,13,0.1,-0.2073396618632459,-0.39209824947363353,0.0,1
703,12,0.01,-0.19764634828298908,0.19175309799647167,1.0,1
704,50,0.05,0.36845055915676184,-0.18613050968384626,0.0,1
705,78,0.01,-0.34311485203215786,-0.3724371220386477,1.0,1
706,15,0.01,-0.35532510215800794,-0.18743932041746536,1.0,1
707,16,0.05,0.2732314461588995,0.19007172259864524,0.0,1
708,81,0.1,0.19235966028704876,-0.12219217349472594,0.0,1
709,36,0.1,0.12098522571769676,0.029861231147238043,0.0,1
710,69,0.05,0.18870568507895213,0.014429129599415003,0.0,1
711,27,0.05,-0.04422038324508781,0.2138866336923696,1.0,1
712,54,0.05,0.17101058594844099,0.028003083039818466,0.0,1
713,18,0.05,-0.10108399929282985,-0.30135005428746386,1.0,1
714,4,0.05,0.18265721486048359,-0.19120529861562946,0.0,1
715,47,0.01,0.01320494341237105,0.27145108970674947,1.0,1
716,11,0.1,0.11540601333489986,0.2911408875075713,0.0,1
717,37,0.05,0.2617037031529912,-0.2565086597802873,0.0,1
718,53,0.1,-0.038523663127706165,0.06137137137804166,0.0,1
719,5,0.01,-0.34868908615469296,-0.23903572324849984,1.0,1
720,60,0.05,-0.05204420923461123,0.3952203895656563,0.0,1
721,19,0.01,-0.2018495902909644,-0.2160493523948425,0.0,1
722,32,0.1,-0.3942164756321729,-0.17477111973358017,0.0,1
723,69,0.01,-0.3921549975283234,0.13231704495468966,1.0,1
724,75,0.01,0.20800171201063022,-0.30993426795623624,1.0,1
725,17,0.05,-0.03272808929209542,-0.2891425055917236,1.0,1
726,13,0.1,-0.2073396618632459,-0.39209824947363353,0.0,1
727,12,0.01,-0.19764634828298908,0.19175309799647167,1.0,1
728,50,0.05,0.36845055915676184,-0.18613050968384626,0.0,1
729,78,0.01,-0.34311485203215786,-0.3724371220386477,1.0,1
730,15,0.01,-0.35532510215800794,-0.18743932041746536,1.0,1
731,16,0.05,0.2732314461588995,0.19007172259864524,0.0,1
732,81,0.1,0.19235966028704876,-0.12219217349472594,0.0,1
733,36,0.1,0.12098522571769676,0.029861231147238043,0.0,1
734,69,0.05,0.18870568507895213,0.014429129599415003,0.0,1
735,27,0.05,-0.04422038324508781,0.2138866336923696,1.0,1
736,54,0.05,0.17101058594844099,0.028003083039818466,0.0,1
737,18,0.05,-0.10108399929282985,-0.30135005428746386,1.0,1
738,4,0.05,0.18265721486048359,-0.19120529861562946,0.0,1
739,47,0.01,0.01320494341237105,0.27145108970674947,1.0,1
740,11,0.1,0.11540601333489986,0.2911408875075713,0.0,1
741,37,0.05,0.2617037031529912,-0.2565086597802873,0.0,1
742,53,0.1,-0.038523663127706165,0.06137137137804166,0.0,1
743,5,0.01,-0.34868908615469296,-0.23903572324849984,1.0,1
744,60,0.05,-0.05204420923461123,0.3952203895656563,0.0,1
745,19,0.01,-0.2018495902909644,-0.2160493523948425,0.0,1
746,32,0.1,-0.3942164756321729,-0.17477111973358017,0.0,1
747,69,0.01,-0.3921549975283234,0.13231704495468966,1.0,1
748,75,0.01,0.20800171201063022,-0.30993426795623624,1.0,1
749,17,0.05,-0.03272808929209542,-0.2891425055917236,1.0,1
750,13,0.1,-0.2073396618632459,-0.39209824947363353,0.0,1
751,12,0.01,-0.19764634828298908,0.19175309799647167,1.0,1
752,50,0.05,0.36845055915676184,-0.18613050968384626,0.0,1
753,78,0.01,-0.34311485203215786,-0.3724371220386477,1.0,1
754,15,0.01,-0.35532510215800794,-0.18743932041746536,1.0,1
755,16,0.05,0.2732314461588995,0.19007172259864524,0.0,1
756,81,0.1,0.19235966028704876,-0.12219217349472594,0.0,1
757,36,0.1,0.12098522571769676,0.029861231147238043,0.0,1
758,69,0.05,0.18870568507895213,0.014429129599415003,0.0,1
759,27,0.05,-0.04422038324508781,0.2138866336923696,1.0,1
760,54,0.05,0.17101058594844099,0.028003083039818466,0.0,1
761,18,0.05,-0.10108399929282985,-0.30135005428746386,1.0,1
762,4,0.05,0.18265721486048359,-0.19120529861562946,0.0,1
763,47,0.01,0.01320494341237105,0.27145108970674947,1.0,1
764,11,0.1,0.11540601333489986,0.2911408875075713,0.0,1
765,37,0.05,0.2617037031529912,-0.2565086597802873,0.0,1
766,53,0.1,-0.038523663127706165,0.06137137137804166,0.0,1
767,5,0.01,-0.34868908615469296,-0.23903572324849984,1.0,1
768,60,0.05,-0.05204420923461123,0.3952203895656563,0.0,1
769,19,0.01,-0.2018495902909644,-0.2160493523948425,0.0,1
770,32,0.1,-0.3942164756321729,-0.17477111973358017,0.0,1
771,69,0.01,-0.3921549975283234,0.13231704495468966,1.0,1
772,75,0.01,0.20800171201063022,-0.30993426795623624,1.0,1
773,17,0.05,-0.03272808929209542,-0.2891425055917236,1.0,1
774,13,0.1,-0.2073396618632459,-0.39209824947363353,0.0,1
775,12,0.01,-0.19764634828298908,0.19175309799647167,1.0,1
776,50,0.05,0.36845055915676184,-0.18613050968384626,0.0,1
777,78,0.01,-0.34311485203215786,-0.3724371220386477,1.0,1
778,15,0.01,-0.35532510215800794,-0.18743932041746536,1.0,1
779,16,0.05,0.2732314461588995,0.19007172259864524,0.0,1
780,81,0.1,0.19235966028704876,-0.12219217349472594,0.0,1
781,36,0.1,0.12098522571769676,0.029861231147238043,0.0,1
782,69,0.05,0.18870568507895213,0.014429129599415003,0.0,1
783,27,0.05,-0.04422038324508781,0.2138866336923696,1.0,1
784,54,0.05,0.17101058594844099,0.028003083039818466,0.0,1
785,18,0.05,-0.10108399929282985,-0.30135005428746386,1.0,1
786,4,0.05,0.18265721486048359,-0.19120529861562946,0.0,1
787,47,0.01,0.01320494341237105,0.27145108970674947,1.0,1
788,11,0.1,0.11540601333489986,0.2911408875075713,0.0,1
789,37,0.05,0.2617037031529912,-0.2565086597802873,0.0,1
790,53,0.1,-0.038523663127706165,0.06137137137804166,0.0,1
791,5,0.01,-0.34868908615469296,-0.23903572324849984,1.0,1
792,60,0.05,-0.05204420923461123,0.3952203895656563,0.0,1
793,19,0.01,-0.2018495902909644,-0.2160493523948425,0.0,1
794,32,0.1,-0.3942164756321729,-0.17477111973358017,0.0,1
795,69,0.01,-0.3921549975283234,0.13231704495468966,1.0,1
796,75,0.01,0.20800171201063022,-0.30993426795623624,1.0,1
797,17,0.05,-0.03272808929209542,-0.2891425055917236,1.0,1
798,13,0.1,-0.2073396618632459,-0.39209824947363353,0.0,1
799,12,0.01,-0.19764634828298908,0.19175309799647167,1.0,1
800,50,0.05,0.36845055915676184,-0.18613050968384626,0.0,1
801,78,0.01,-0.34311485203215786,-0.3724371220386477,1.0,1
802,15,0.01,-0.35532510215800794,-0.18743932041746536,1.0,1
803,16,0.05,0.2732314461588995,0.19007172259864524,0.0,1
804,81,0.1,0.19235966028704876,-0.12219217349472594,0.0,1
805,36,0.1,0.12098522571769676,0.029861231147238043,0.0,1
806,69,0.05,0.18870568507895213,0.014429129599415003,0.0,1
807,27,0.05,-0.04422038324508781,0.2138866336923696,1.0,1
808,54,0.05,0.17101058594844099,0.028003083039818466,0.0,1
809,18,0.05,-0.10108399929282985,-0.30135005428746386,1.0,1
810,4,0.05,0.18265721486048359,-0.19120529861562946,0.0,1
811,47,0.01,0.01320494341237105,0.27145108970674947,1.0,1
812,11,0.1,0.11540601333489986,0.2911408875075713,0.0,1
813,37,0.05,0.2617037031529912,-0.2565086597802873,0.0,1
814,53,0.1,-0.038523663127706165,0.06137137137804166,0.0,1
815,5,0.01,-0.34868908615469296,-0.23903572324849984,1.0,1
816,60,0.05,-0.05204420923461123,0.3952203895656563,0.0,1
817,19,0.01,-0.2018495902909644,-0.2160493523948425,0.0,1
818,32,0.1,-0.3942164756321729,-0.17477111973358017,0.0,1
819,69,0.01,-0.3921549975283234,0.13231704495468966,1.0,1
820,75,0.01,0.20800171201063022,-0.30993426795623624,1.0,1
821,17,0.05,-0.03272808929209542,-0.2891425055917236,1.0,1
822,13,0.1,-0.2073396618632459,-0.39209824947363353,0.0,1
823,12,0.01,-0.19764634828298908,0.19175309799647167,1.0,1
824,50,0.05,0.36845055915676184,-0.18613050968384626,0.0,1
825,78,0.01,-0.34311485203215786,-0.3724371220386477,1.0,1
826,15,0.01,-0.35532510215800794,-0.18743932041746536,1.0,1
827,16,0.05,0.2732314461588995,0.19007172259864524,0.0,1
828,81,0.1,0.19235966028704876,-0.12219217349472594,0.0,1
829,36,0.1,0.12098522571769676,0.029861231147238043,0.0,1
830,69,0.05,0.18870568507895213,0.014429129599415003,0.0,1
831,27,0.05,-0.04422038324508781,0.2138866336923696,1.0,1
832,54,0.05,0.17101058594844099,0.028003083039818466,0.0,1
833,18,0.05,-0.10108399929282985,-0.30135005428746386,1.0,1
834,4,0.05,0.18265721486048359,-0.19120529861562946,0.0,1
835,47,0.01,0.01320494341237105,0.27145108970674947,1.0,1
836,11,0.1,0.11540601333489986,0.2911408875075713,0.0,1
837,37,0.05,0.2617037031529912,-0.2565086597802873,0.0,1
838,53,0.1,-0.038523663127706165,0.06137137137804166,0.0,1
839,5,0.01,-0.34868908615469296,-0.23903572324849984,1.0,1
840,60,0.05,-0.05204420923461123,0.3952203895656563,0.0,1
841,19,0.01,-0.2018495902909644,-0.2160493523948425,0.0,1
842,32,0.1,-0.3942164756321729,-0.17477111973358017,0.0,1
843,69,0.01,-0.3921549975283234,0.13231704495468966,1.0,1
844,75,0.01,0.20800171201063022,-0.30993426795623624,1.0,1
845,17,0.05,-0.03272808929209542,-0.2891425055917236,1.0,1
846,13,0.1,-0.2073396618632459,-0.39209824947363353,0.0,1
847,12,0.01,-0.19764634828298908,0.19175309799647167,1.0,1
848,50,0.05,0.36845055915676184,-0.18613050968384626,0.0,1
849,78,0.01,-0.34311485203215786,-0.3724371220386477,1.0,1
850,15,0.01,-0.35532510215800794,-0.18743932041746536,1.0,1
851,16,0.05,0.2732314461588995,0.19007172259864524,0.0,1
852,81,0.1,0.19235966028704876,-0.12219217349472594,0.0,1
853,36,0.1,0.12098522571769676,0.029861231147238043,0.0,1
854,69,0.05,0.18870568507895213,0.014429129599415003,0.0,1
855,27,0.05,-0.04422038324508781,0.2138866336923696,1.0,1
856,54,0.05,0.17101058594844099,0.028003083039818466,0.0,1
857,18,0.05,-0.10108399929282985,-0.30135005428746386,1.0,1
858,4,0.05,0.18265721486048359,-0.19120529861562946,0.0,1
859,47,0.01,0.01320494341237105,0.27145108970674947,1.0,1
860,11,0.1,0.11540601333489986,0.2911408875075713,0.0,1
861,37,0.05,0.2617037031529912,-0.2565086597802873,0.0,1
862,53,0.1,-0.038523663127706165,0.06137137137804166,0.0,1
863,5,0.01,-0.34868908615469296,-0.23903572324849984,1.0,1
864,60,0.05,-0.05204420923461123,0.3952203895656563,0.0,1
865,19,0.01,-0.2018495902909644,-0.2160493523948425,0.0,1
866,32,0.1,-0.3942164756321729,-0.17477111973358017,0.0,1
867,69,0.01,-0.3921549975283234,0.13231704495468966,1.0,1
868,75,0.01,0.20800171201063022,-0.30993426795623624,1.0,1
869,17,0.05,-0.03272808929209542,-0.2891425055917236,1.0,1
870,13,0.1,-0.2073396618632459,-0.39209824947363353,0.0,1
871,12,0.01,-0.19764634828298908,0.19175309799647167,1.0,1
872,50,0.05,0.36845055915676184,-0.18613050968384626,0.0,1
873,78,0.01,-0.34311485203215786,-0.3724371220386477,1.0,1
874,15,0.01,-0.35532510215800794,-0.18743932041746536,1.0,1
875,16,0.05,0.2732314461588995,0.19007172259864524,0.0,1
876,81,0.1,0.19235966028704876,-0.12219217349472594,0.0,1
877,36,0.1,0.12098522571769676,0.029861231147238043,0.0,1
878,69,0.05,0.18870568507895213,0.014429129599415003,0.0,1
879,27,0.05,-0.04422038324508781,0.2138866336923696,1.0,1
880,54,0.05,0.17101058594844099,0.028003083039818466,0.0,1
881,18,0.05,-0.10108399929282985,-0.30135005428746386,1.0,1
882,4,0.05,0.18265721486048359,-0.19120529861562946,0.0,1
883,47,0.01,0.01320494341237105,0.27145108970674947,1.0,1
884,11,0.1,0.11540601333489986,0.2911408875075713,0.0,1
885,37,0.05,0.2617037031529912,-0.2565086597802873,0.0,1
886,53,0.1,-0.038523663127706165,0.06137137137804166,0.0,1
887,5,0.01,-0.34868908615469296,-0.23903572324849984,1.0,1
888,60,0.05,-0.05204420923461123,0.3952203895656563,0.0,1
889,19,0.01,-0.2018495902909644,-0.2160493523948425,0.0,1
890,32,0.1,-0.3942164756321729,-0.17477111973358017,0.0,1
891,69,0.01,-0.3921549975283234,0.13231704495468966,1.0,1
892,75,0.01,0.20800171201063022,-0.30993426795623624,1.0,1
893,17,0.05,-0.03272808929209542,-0.2891425055917236,1.0,1
894,13,0.1,-0.2073396618632459,-0.39209824947363353,0.0,1
895,12,0.01,-0.19764634828298908,0.19175309799647167,1.0,1
896,50,0.05,0.36845055915676184,-0.18613050968384626,0.0,1
897,78,0.01,-0.34311485203215786,-0.3724371220386477,1.0,1
898,15,0.01,-0.35532510215800794,-0.18743932041746536,1.0,1
899,16,0.05,0.2732314461588995,0.19007172259864524,0.0,1
900,81,0.1,0.19235966028704876,-0.12219217349472594,0.0,1
901,36,0.1,0.12098522571769676,0.029861231147238043,0.0,1
902,69,0.05,0.18870568507895213,0.014429129599415003,0.0,1
903,27,0.05,-0.04422038324508781,0.2138866336923696,1.0,1
904,54,0.05,0.17101058594844099,0.028003083039818466,0.0,1
905,18,0.05,-0.10108399929282985,-0.30135005428746386,1.0,1
906,4,0.05,0.18265721486048359,-0.19120529861562946,0.0,1
907,47,0.01,0.01320494341237105,0.27145108970674947,1.0,1
908,11,0.1,0.11540601333489986,0.2911408875075713,0.0,1
909,37,0.05,0.2617037031529912,-0.2565086597802873,0.0,1
910,53,0.1,-0.038523663127706165,0.06137137137804166,0.0,1
911,5,0.01,-0.34868908615469296,-0.23903572324849984,1.0,1
912,60,0.05,-0.05204420923461123,0.3952203895656563,0.0,1
913,19,0.01,-0.2018495902909644,-0.2160493523948425,0.0,1
914,32,0.1,-0.3942164756321729,-0.17477111973358017,0.0,1
915,69,0.01,-0.3921549975283234,0.13231704495468966,1.0,1
916,75,0.01,0.20800171201063022,-0.30993426795623624,1.0,1
917,17,0.05,-0.03272808929209542,-0.2891425055917236,1.0,1
918,13,0.1,-0.2073396618632459,-0.39209824947363353,0.0,1
919,12,0.01,-0.19764634828298908,0.19175309799647167,1.0,1
920,50,0.05,0.36845055915676184,-0.18613050968384626,0.0,1
921,78,0.01,-0.34311485203215786,-0.3724371220386477,1.0,1
922,15,0.01,-0.35532510215800794,-0.18743932041746536,1.0,1
923,16,0.05,0.2732314461588995,0.19007172259864524,0.0,1
924,81,0.1,0.19235966028704876,-0.12219217349472594,0.0,1
925,36,0.1,0.12098522571769676,0.029861231147238043,0.0,1
926,69,0.05,0.18870568507895213,0.014429129599415003,0.0,1
927,27,0.05,-0.04422038324508781,0.2138866336923696,1.0,1
928,54,0.05,0.17101058594844099,0.028003083039818466,0.0,1
929,18,0.05,-0.10108399929282985,-0.30135005428746386,1.0,1
930,4,0.05,0.18265721486048359,-0.19120529861562946,0.0,1
931,47,0.01,0.01320494341237105,0.27145108970674947,1.0,1
932,11,0.1,0.11540601333489986,0.2911408875075713,0.0,1
933,37,0.05,0.2617037031529912,-0.2565086597802873,0.0,1
934,53,0.1,-0.038523663127706165,0.06137137137804166,0.0,1
935,5,0.01,-0.34868908615469296,-0.23903572324849984,1.0,1
936,60,0.05,-0.05204420923461123,0.3952203895656563,0.0,1
937,19,0.01,-0.2018495902909644,-0.2160493523948425,0.0,1
938,32,0.1,-0.3942164756321729,-0.17477111973358017,0.0,1
939,69,0.01,-0.3921549975283234,0.13231704495468966,1.0,1
940,75,0.01,0.20800171201063022,-0.30993426795623624,1.0,1
941,17,0.05,-0.03272808929209542,-0.2891425055917236,1.0,1
942,13,0.1,-0.2073396618632459,-0.39209824947363353,0.0,1
943,12,0.01,-0.19764634828298908,0.19175309799647167,1.0,1
944,50,0.05,0.36845055915676184,-0.18613050968384626,0.0,1
945,78,0.01,-0.34311485203215786,-0.3724371220386477,1.0,1
946,15,0.01,-0.35532510215800794,-0.18743932041746536,1.0,1
947,16,0.05,0.2732314461588995,0.19007172259864524,0.0,1
948,81,0.1,0.19235966028704876,-0.12219217349472594,0.0,1
949,36,0.1,0.12098522571769676,0.029861231147238043,0.0,1
950,69,0.05,0.18870568507895213,0.014429129599415003,0.0,1
951,27,0.05,-0.04422038324508781,0.2138866336923696,1.0,1
952,54,0.05,0.17101058594844099,0.028003083039818466,0.0,1
953,18,0.05,-0.10108399929282985,-0.30135005428746386,1.0,1
954,4,0.05,0.18265721486048359,-0.19120529861562946,0.0,1
955,47,0.01,0.01320494341237105,0.27145108970674947,1.0,1
956,11,0.1,0.11540601333489986,0.2911408875075713,0.0,1
957,37,0.05,0.2617037031529912,-0.2565086597802873,0.0,1
958,53,0.1,-0.038523663127706165,0.06137137137804166,0.0,1
959,5,0.01,-0.34868908615469296,-0.23903572324849984,1.0,1
960,60,0.05,-0.05204420923461123,0.3952203895656563,0.0,1
961,19,0.01,-0.2018495902909644,-0.2160493523948425,0.0,1
962,32,0.1,-0.3942164756321729,-0.17477111973358017,0.0,1
963,69,0.01,-0.3921549975283234,0.13231704495468966,1.0,1
964,75,0.01,0.20800171201063022,-0.30993426795623624,1.0,1
965,17,0.05,-0.03272808929209542,-0.2891425055917236,1.0,1
966,13,0.1,-0.2073396618632459,-0.39209824947363353,0.0,1
967,12,0.01,-0.19764634828298908,0.19175309799647167,1.0,1
968,50,0.05,0.36845055915676184,-0.18613050968384626,0.0,1
969,78,0.01,-0.34311485203215786,-0.3724371220386477,1.0,1
970,15,0.01,-0.35532510215800794,-0.18743932041746536,1.0,1
971,16,0.05,0.2732314461588995,0.19007172259864524,0.0,1
972,81,0.1,0.19235966028704876,-0.12219217349472594,0.0,1
973,36,0.1,0.12098522571769676,0.029861231147238043,0.0,1
974,69,0.05,0.18870568507895213,0.014429129599415003,0.0,1
975,27,0.05,-0.04422038324508781,0.2138866336923696,1.0,1
976,54,0.05,0.17101058594844099,0.028003083039818466,0.0,1
977,18,0.05,-0.10108399929282985,-0.30135005428746386,1.0,1
978,4,0.05,0.18265721486048359,-0.19120529861562946,0.0,1
979,47,0.01,0.01320494341237105,0.27145108970674947,1.0,1
980,11,0.1,0.11540601333489986,0.2911408875075713,0.0,1
981,37,0.05,0.2617037031529912,-0.2565086597802873,0.0,1
982,53,0.1,-0.038523663127706165,0.06137137137804166,0.0,1
983,5,0.01,-0.34868908615469296,-0.23903572324849984,1.0,1
984,60,0.05,-0.05204420923461123,0.3952203895656563,0.0,1
985,19,0.01,-0.2018495902909644,-0.2160493523948425,0.0,1
986,32,0.1,-0.3942164756321729,-0.17477111973358017,0.0,1
987,69,0.01,-0.3921549975283234,0.13231704495468966,1.0,1
988,75,0.01,0.20800171201063022,-0.30993426795623624,1.0,1
989,17,0.05,-0.03272808929209542,-0.2891425055917236,1.0,1
990,13,0.1,-0.2073396618632459,-0.39209824947363353,0.0,1
991,12,0.01,-0.19764634828298908,0.19175309799647167,1.0,1
992,50,0.05,0.36845055915676184,-0.18613050968384626,0.0,1
993,78,0.01,-0.34311485203215786,-0.3724371220386477,1.0,1
994,15,0.01,-0.35532510215800794,-0.18743932041746536,1.0,1
995,16,0.05,0.2732314461588995,0.19007172259864524,0.0,1
996,81,0.1,0.19235966028704876,-0.12219217349472594,0.0,1
997,36,0.1,0.12098522571769676,0.029861231147238043,0.0,1
998,69,0.05,0.18870568507895213,0.014429129599415003,0.0,1
999,27,0.05,-0.04422038324508781,0.2138866336923696,1.0,1
1000,54,0.05,0.17101058594844099,0.028003083039818466,0.0,1
